index;size_of_lists
0;0
1;0
2;2
3;2
4;0
5;0
6;0
7;0
8;0
9;0
10;0
11;1
12;0
13;0
14;1
15;1
16;0
17;0
18;0
19;0
20;0
21;0
22;1
23;0
24;1
25;0
26;0
27;0
28;1
29;1
30;1
31;0
32;0
33;0
34;0
35;0
36;2
37;1
38;2
39;1
40;0
41;0
42;0
43;0
44;1
45;1
46;0
47;1
48;0
49;2
50;2
51;1
52;1
53;2
54;1
55;1
56;1
57;1
58;1
59;2
60;0
61;0
62;2
63;1
64;1
65;2
66;3
67;2
68;1
69;0
70;1
71;1
72;0
73;1
74;3
75;2
76;0
77;2
78;3
79;4
80;0
81;1
82;1
83;3
84;4
85;2
86;1
87;1
88;2
89;0
90;2
91;1
92;1
93;3
94;1
95;2
96;2
97;1
98;1
99;1
100;3
101;1
102;1
103;1
104;0
105;0
106;2
107;0
108;0
109;3
110;1
111;3
112;2
113;1
114;0
115;2
116;2
117;1
118;1
119;1
120;1
121;1
122;0
123;0
124;0
125;0
126;1
127;0
128;0
129;2
130;0
131;0
132;0
133;0
134;2
135;1
136;0
137;2
138;0
139;2
140;0
141;2
142;0
143;2
144;1
145;0
146;1
147;0
148;1
149;2
150;1
151;2
152;1
153;1
154;1
155;0
156;1
157;1
158;0
159;0
160;0
161;4
162;2
163;2
164;1
165;0
166;2
167;2
168;0
169;2
170;0
171;1
172;3
173;0
174;0
175;3
176;1
177;2
178;0
179;1
180;2
181;3
182;2
183;1
184;2
185;0
186;0
187;1
188;1
189;1
190;0
191;2
192;0
193;2
194;2
195;0
196;1
197;1
198;0
199;1
200;1
201;2
202;1
203;3
204;0
205;1
206;0
207;0
208;1
209;0
210;1
211;1
212;2
213;0
214;2
215;2
216;1
217;1
218;0
219;3
220;0
221;3
222;0
223;2
224;1
225;5
226;0
227;2
228;1
229;1
230;2
231;3
232;1
233;2
234;2
235;0
236;2
237;0
238;2
239;0
240;1
241;1
242;0
243;1
244;3
245;1
246;2
247;0
248;1
249;1
250;1
251;0
252;3
253;2
254;2
255;1
256;3
257;3
258;5
259;2
260;3
261;5
262;3
263;2
264;1
265;5
266;3
267;2
268;0
269;4
270;1
271;2
272;4
273;4
274;3
275;3
276;3
277;2
278;12
279;1
280;2
281;1
282;3
283;3
284;2
285;3
286;3
287;5
288;2
289;3
290;3
291;1
292;4
293;4
294;2
295;3
296;3
297;3
298;2
299;2
300;5
301;2
302;5
303;4
304;3
305;1
306;4
307;4
308;2
309;3
310;7
311;2
312;1
313;2
314;3
315;1
316;5
317;4
318;3
319;4
320;0
321;2
322;0
323;1
324;0
325;0
326;1
327;0
328;1
329;1
330;1
331;1
332;1
333;2
334;0
335;5
336;0
337;2
338;0
339;0
340;1
341;0
342;0
343;1
344;0
345;0
346;1
347;1
348;2
349;1
350;2
351;0
352;0
353;1
354;2
355;3
356;2
357;2
358;3
359;3
360;1
361;0
362;2
363;0
364;3
365;2
366;0
367;3
368;1
369;1
370;1
371;1
372;3
373;2
374;0
375;1
376;0
377;5
378;3
379;2
380;1
381;1
382;3
383;1
384;1
385;1
386;0
387;2
388;2
389;5
390;1
391;0
392;0
393;2
394;0
395;0
396;2
397;2
398;2
399;4
400;1
401;3
402;3
403;1
404;0
405;0
406;1
407;1
408;2
409;1
410;0
411;3
412;2
413;0
414;0
415;3
416;2
417;1
418;3
419;1
420;1
421;2
422;2
423;2
424;1
425;0
426;4
427;1
428;2
429;1
430;1
431;1
432;1
433;1
434;1
435;1
436;3
437;1
438;3
439;1
440;0
441;0
442;0
443;1
444;3
445;2
446;0
447;1
448;0
449;1
450;0
451;1
452;2
453;2
454;0
455;0
456;2
457;1
458;0
459;1
460;2
461;2
462;0
463;2
464;2
465;1
466;0
467;0
468;0
469;0
470;0
471;1
472;1
473;1
474;1
475;1
476;1
477;1
478;3
479;0
480;2
481;4
482;0
483;3
484;1
485;2
486;4
487;1
488;0
489;0
490;1
491;0
492;1
493;1
494;2
495;0
496;0
497;1
498;0
499;0
500;1
501;1
502;0
503;0
504;1
505;1
506;0
507;2
508;1
509;0
510;2
511;2
512;2
513;4
514;2
515;3
516;3
517;3
518;2
519;1
520;2
521;2
522;1
523;2
524;3
525;1
526;3
527;2
528;1
529;1
530;3
531;2
532;5
533;5
534;3
535;4
536;4
537;6
538;5
539;3
540;6
541;6
542;1
543;2
544;4
545;2
546;2
547;2
548;2
549;6
550;4
551;0
552;4
553;4
554;2
555;4
556;5
557;6
558;6
559;5
560;3
561;3
562;1
563;2
564;5
565;2
566;3
567;2
568;1
569;3
570;1
571;2
572;3
573;8
574;3
575;5
576;4
577;3
578;2
579;3
580;3
581;2
582;3
583;3
584;4
585;10
586;3
587;3
588;3
589;7
590;4
591;3
592;6
593;0
594;9
595;0
596;6
597;7
598;1
599;5
600;3
601;3
602;1
603;4
604;2
605;7
606;3
607;6
608;2
609;4
610;2
611;3
612;5
613;3
614;2
615;2
616;3
617;4
618;2
619;0
620;0
621;3
622;2
623;2
624;2
625;3
626;3
627;3
628;5
629;3
630;5
631;6
632;1
633;6
634;3
635;2
636;3
637;3
638;1
639;6
640;2
641;4
642;1
643;0
644;7
645;1
646;1
647;3
648;4
649;2
650;2
651;4
652;2
653;5
654;2
655;7
656;3
657;4
658;2
659;2
660;6
661;4
662;4
663;3
664;3
665;6
666;6
667;3
668;7
669;5
670;1
671;3
672;2
673;6
674;2
675;1
676;5
677;2
678;3
679;4
680;5
681;9
682;4
683;4
684;2
685;5
686;3
687;3
688;2
689;5
690;3
691;1
692;4
693;8
694;1
695;3
696;2
697;3
698;1
699;1
700;2
701;1
702;2
703;0
704;0
705;1
706;1
707;0
708;0
709;0
710;0
711;1
712;0
713;2
714;2
715;0
716;2
717;2
718;0
719;0
720;1
721;2
722;0
723;0
724;2
725;2
726;1
727;0
728;1
729;0
730;1
731;1
732;1
733;2
734;2
735;1
736;2
737;0
738;2
739;0
740;1
741;0
742;1
743;2
744;3
745;0
746;0
747;2
748;2
749;0
750;0
751;0
752;0
753;0
754;2
755;2
756;2
757;0
758;3
759;1
760;3
761;3
762;0
763;2
764;0
765;0
766;2
767;1
768;0
769;0
770;2
771;2
772;3
773;1
774;0
775;0
776;0
777;2
778;0
779;1
780;0
781;1
782;0
783;1
784;0
785;0
786;2
787;1
788;5
789;2
790;1
791;2
792;1
793;3
794;1
795;1
796;1
797;3
798;0
799;1
800;0
801;1
802;0
803;0
804;0
805;3
806;0
807;0
808;1
809;0
810;0
811;2
812;2
813;2
814;0
815;4
816;1
817;1
818;0
819;1
820;0
821;1
822;0
823;0
824;1
825;1
826;0
827;2
828;0
829;2
830;4
831;1
832;2
833;1
834;2
835;1
836;2
837;0
838;2
839;1
840;3
841;4
842;1
843;2
844;1
845;1
846;1
847;0
848;3
849;1
850;0
851;0
852;1
853;3
854;1
855;2
856;1
857;3
858;0
859;0
860;2
861;0
862;1
863;1
864;2
865;1
866;0
867;1
868;2
869;0
870;1
871;1
872;1
873;1
874;2
875;1
876;1
877;1
878;1
879;2
880;1
881;2
882;1
883;0
884;2
885;1
886;4
887;2
888;1
889;2
890;1
891;3
892;0
893;0
894;0
895;0
896;0
897;2
898;0
899;1
900;2
901;0
902;0
903;1
904;0
905;0
906;1
907;2
908;0
909;0
910;0
911;2
912;1
913;1
914;1
915;0
916;2
917;1
918;2
919;2
920;2
921;3
922;1
923;2
924;2
925;3
926;1
927;2
928;1
929;4
930;0
931;1
932;1
933;0
934;0
935;1
936;2
937;2
938;0
939;2
940;2
941;1
942;2
943;1
944;2
945;1
946;1
947;1
948;0
949;1
950;2
951;0
952;0
953;1
954;0
955;1
956;2
957;2
958;2
959;0
960;0
961;0
962;0
963;0
964;2
965;0
966;0
967;0
968;0
969;0
970;0
971;0
972;0
973;1
974;0
975;3
976;0
977;0
978;0
979;0
980;2
981;2
982;1
983;1
984;1
985;0
986;0
987;0
988;0
989;0
990;0
991;0
992;0
993;1
994;1
995;0
996;1
997;0
998;2
999;0
1000;0
1001;0
1002;2
1003;1
1004;2
1005;2
1006;1
1007;0
1008;0
1009;0
1010;0
1011;0
1012;0
1013;0
1014;0
1015;0
1016;1
1017;3
1018;0
1019;2
1020;0
1021;1
1022;1
1023;1
1024;2
1025;3
1026;1
1027;0
1028;0
1029;1
1030;1
1031;0
1032;0
1033;4
1034;1
1035;2
1036;2
1037;3
1038;1
1039;3
1040;6
1041;7
1042;0
1043;5
1044;3
1045;0
1046;0
1047;7
1048;1
1049;2
1050;2
1051;1
1052;1
1053;0
1054;3
1055;3
1056;2
1057;4
1058;1
1059;1
1060;0
1061;2
1062;0
1063;1
1064;4
1065;1
1066;2
1067;2
1068;1
1069;0
1070;1
1071;2
1072;2
1073;1
1074;1
1075;0
1076;5
1077;2
1078;2
1079;0
1080;1
1081;2
1082;1
1083;2
1084;0
1085;0
1086;4
1087;0
1088;1
1089;9
1090;1
1091;1
1092;2
1093;5
1094;2
1095;3
1096;5
1097;3
1098;2
1099;3
1100;2
1101;2
1102;0
1103;3
1104;1
1105;4
1106;1
1107;2
1108;1
1109;1
1110;1
1111;0
1112;0
1113;4
1114;1
1115;3
1116;4
1117;2
1118;2
1119;1
1120;2
1121;1
1122;4
1123;2
1124;2
1125;0
1126;1
1127;3
1128;2
1129;4
1130;0
1131;3
1132;1
1133;2
1134;0
1135;6
1136;0
1137;1
1138;1
1139;2
1140;4
1141;2
1142;1
1143;3
1144;1
1145;2
1146;0
1147;5
1148;1
1149;5
1150;2
1151;4
1152;1
1153;3
1154;1
1155;1
1156;1
1157;0
1158;1
1159;2
1160;1
1161;4
1162;4
1163;3
1164;3
1165;2
1166;1
1167;1
1168;4
1169;2
1170;0
1171;3
1172;2
1173;4
1174;4
1175;3
1176;1
1177;3
1178;4
1179;2
1180;3
1181;3
1182;2
1183;4
1184;4
1185;3
1186;0
1187;1
1188;3
1189;0
1190;4
1191;1
1192;1
1193;4
1194;4
1195;2
1196;2
1197;3
1198;1
1199;5
1200;2
1201;3
1202;0
1203;1
1204;2
1205;4
1206;1
1207;1
1208;2
1209;3
1210;1
1211;2
1212;1
1213;1
1214;2
1215;3
1216;1
1217;2
1218;2
1219;1
1220;1
1221;1
1222;1
1223;1
1224;0
1225;2
1226;0
1227;1
1228;1
1229;4
1230;3
1231;3
1232;4
1233;5
1234;2
1235;3
1236;4
1237;3
1238;1
1239;2
1240;2
1241;4
1242;1
1243;1
1244;5
1245;0
1246;4
1247;3
1248;2
1249;5
1250;0
1251;1
1252;1
1253;4
1254;5
1255;1
1256;1
1257;2
1258;1
1259;2
1260;1
1261;4
1262;0
1263;1
1264;1
1265;5
1266;2
1267;2
1268;2
1269;3
1270;1
1271;0
1272;2
1273;0
1274;1
1275;2
1276;4
1277;3
1278;5
1279;2
1280;1
1281;2
1282;0
1283;2
1284;1
1285;2
1286;1
1287;0
1288;5
1289;5
1290;1
1291;2
1292;1
1293;0
1294;2
1295;5
1296;4
1297;3
1298;1
1299;3
1300;2
1301;2
1302;1
1303;1
1304;1
1305;1
1306;0
1307;2
1308;3
1309;3
1310;2
1311;2
1312;0
1313;3
1314;1
1315;2
1316;3
1317;4
1318;0
1319;1
1320;1
1321;1
1322;1
1323;1
1324;0
1325;2
1326;2
1327;3
1328;2
1329;4
1330;0
1331;1
1332;2
1333;0
1334;0
1335;1
1336;0
1337;4
1338;2
1339;2
1340;0
1341;3
1342;1
1343;3
1344;4
1345;6
1346;3
1347;3
1348;1
1349;1
1350;1
1351;3
1352;1
1353;1
1354;2
1355;4
1356;2
1357;5
1358;5
1359;2
1360;3
1361;3
1362;2
1363;2
1364;0
1365;3
1366;1
1367;2
1368;2
1369;1
1370;1
1371;2
1372;3
1373;3
1374;3
1375;1
1376;2
1377;3
1378;0
1379;2
1380;2
1381;3
1382;1
1383;4
1384;2
1385;8
1386;1
1387;2
1388;0
1389;3
1390;1
1391;2
1392;2
1393;2
1394;0
1395;1
1396;2
1397;6
1398;1
1399;1
1400;3
1401;2
1402;1
1403;4
1404;4
1405;2
1406;1
1407;3
1408;1
1409;1
1410;0
1411;3
1412;2
1413;0
1414;0
1415;3
1416;1
1417;0
1418;1
1419;1
1420;1
1421;1
1422;1
1423;1
1424;0
1425;2
1426;1
1427;0
1428;2
1429;1
1430;3
1431;4
1432;2
1433;4
1434;1
1435;3
1436;3
1437;3
1438;1
1439;3
1440;0
1441;0
1442;5
1443;2
1444;1
1445;3
1446;1
1447;1
1448;2
1449;0
1450;2
1451;2
1452;1
1453;3
1454;0
1455;1
1456;0
1457;3
1458;3
1459;0
1460;1
1461;1
1462;0
1463;0
1464;0
1465;0
1466;1
1467;0
1468;2
1469;0
1470;3
1471;4
1472;0
1473;1
1474;0
1475;1
1476;0
1477;1
1478;0
1479;0
1480;0
1481;4
1482;0
1483;2
1484;0
1485;0
1486;0
1487;2
1488;0
1489;1
1490;0
1491;1
1492;0
1493;1
1494;1
1495;1
1496;1
1497;1
1498;1
1499;0
1500;1
1501;1
1502;1
1503;0
1504;0
1505;0
1506;0
1507;2
1508;1
1509;0
1510;2
1511;4
1512;1
1513;1
1514;2
1515;1
1516;1
1517;2
1518;2
1519;1
1520;0
1521;0
1522;1
1523;0
1524;1
1525;1
1526;0
1527;2
1528;0
1529;3
1530;0
1531;1
1532;1
1533;2
1534;0
1535;1
1536;1
1537;2
1538;1
1539;0
1540;0
1541;0
1542;1
1543;0
1544;0
1545;0
1546;0
1547;2
1548;0
1549;0
1550;0
1551;0
1552;1
1553;3
1554;0
1555;0
1556;0
1557;0
1558;0
1559;3
1560;1
1561;0
1562;0
1563;0
1564;0
1565;1
1566;1
1567;2
1568;0
1569;2
1570;1
1571;0
1572;2
1573;0
1574;1
1575;0
1576;0
1577;1
1578;0
1579;0
1580;0
1581;1
1582;1
1583;2
1584;0
1585;1
1586;0
1587;0
1588;0
1589;2
1590;1
1591;1
1592;0
1593;1
1594;0
1595;1
1596;0
1597;3
1598;0
1599;2
1600;0
1601;3
1602;0
1603;0
1604;0
1605;0
1606;1
1607;2
1608;3
1609;0
1610;0
1611;1
1612;0
1613;1
1614;0
1615;0
1616;2
1617;2
1618;0
1619;0
1620;0
1621;1
1622;0
1623;0
1624;1
1625;1
1626;1
1627;0
1628;1
1629;1
1630;1
1631;0
1632;0
1633;1
1634;0
1635;1
1636;2
1637;0
1638;0
1639;1
1640;1
1641;2
1642;1
1643;0
1644;0
1645;2
1646;1
1647;1
1648;1
1649;1
1650;1
1651;1
1652;0
1653;0
1654;0
1655;1
1656;1
1657;0
1658;0
1659;2
1660;1
1661;0
1662;0
1663;1
1664;1
1665;1
1666;0
1667;1
1668;2
1669;0
1670;0
1671;2
1672;0
1673;0
1674;0
1675;0
1676;2
1677;0
1678;0
1679;1
1680;3
1681;2
1682;1
1683;0
1684;3
1685;1
1686;1
1687;0
1688;0
1689;0
1690;0
1691;1
1692;1
1693;2
1694;0
1695;0
1696;1
1697;0
1698;0
1699;1
1700;1
1701;1
1702;0
1703;0
1704;0
1705;2
1706;0
1707;1
1708;2
1709;2
1710;0
1711;4
1712;1
1713;1
1714;1
1715;3
1716;1
1717;1
1718;0
1719;1
1720;0
1721;0
1722;0
1723;0
1724;2
1725;1
1726;1
1727;0
1728;0
1729;0
1730;1
1731;3
1732;0
1733;1
1734;0
1735;0
1736;0
1737;3
1738;0
1739;0
1740;0
1741;2
1742;1
1743;0
1744;3
1745;2
1746;0
1747;2
1748;0
1749;0
1750;0
1751;1
1752;0
1753;0
1754;0
1755;0
1756;1
1757;0
1758;0
1759;0
1760;0
1761;1
1762;0
1763;2
1764;1
1765;2
1766;1
1767;0
1768;0
1769;1
1770;0
1771;1
1772;0
1773;1
1774;0
1775;1
1776;0
1777;0
1778;0
1779;0
1780;1
1781;2
1782;0
1783;0
1784;1
1785;2
1786;2
1787;1
1788;1
1789;1
1790;1
1791;0
1792;0
1793;1
1794;0
1795;0
1796;0
1797;1
1798;1
1799;0
1800;2
1801;2
1802;1
1803;0
1804;0
1805;0
1806;0
1807;0
1808;2
1809;1
1810;0
1811;2
1812;0
1813;1
1814;0
1815;1
1816;0
1817;1
1818;0
1819;0
1820;2
1821;0
1822;0
1823;0
1824;2
1825;2
1826;0
1827;1
1828;1
1829;3
1830;0
1831;1
1832;2
1833;1
1834;0
1835;1
1836;0
1837;1
1838;1
1839;0
1840;0
1841;2
1842;0
1843;1
1844;3
1845;0
1846;1
1847;0
1848;1
1849;1
1850;1
1851;0
1852;2
1853;0
1854;1
1855;1
1856;2
1857;2
1858;0
1859;0
1860;2
1861;0
1862;1
1863;0
1864;1
1865;0
1866;1
1867;0
1868;0
1869;0
1870;2
1871;0
1872;1
1873;2
1874;3
1875;0
1876;2
1877;1
1878;0
1879;0
1880;0
1881;1
1882;0
1883;1
1884;2
1885;0
1886;1
1887;1
1888;1
1889;0
1890;2
1891;1
1892;2
1893;2
1894;0
1895;1
1896;1
1897;1
1898;0
1899;1
1900;0
1901;2
1902;2
1903;0
1904;0
1905;0
1906;1
1907;2
1908;1
1909;0
1910;1
1911;0
1912;2
1913;0
1914;0
1915;1
1916;2
1917;0
1918;2
1919;1
1920;2
1921;2
1922;0
1923;0
1924;1
1925;0
1926;0
1927;1
1928;1
1929;1
1930;1
1931;0
1932;0
1933;2
1934;0
1935;1
1936;1
1937;0
1938;1
1939;1
1940;1
1941;0
1942;0
1943;0
1944;1
1945;1
1946;0
1947;0
1948;1
1949;0
1950;1
1951;0
1952;0
1953;0
1954;1
1955;1
1956;1
1957;1
1958;0
1959;1
1960;0
1961;0
1962;0
1963;2
1964;1
1965;1
1966;1
1967;1
1968;0
1969;1
1970;0
1971;0
1972;0
1973;0
1974;0
1975;0
1976;0
1977;1
1978;1
1979;3
1980;1
1981;0
1982;0
1983;0
1984;0
1985;0
1986;0
1987;0
1988;1
1989;1
1990;2
1991;0
1992;0
1993;0
1994;0
1995;0
1996;0
1997;1
1998;0
1999;1
2000;0
2001;0
2002;0
2003;0
2004;0
2005;0
2006;0
2007;0
2008;0
2009;1
2010;0
2011;0
2012;0
2013;1
2014;0
2015;1
2016;0
2017;1
2018;1
2019;0
2020;0
2021;0
2022;0
2023;0
2024;0
2025;0
2026;0
2027;0
2028;0
2029;0
2030;0
2031;0
2032;0
2033;0
2034;0
2035;3
2036;1
2037;1
2038;0
2039;1
2040;0
2041;0
2042;0
2043;0
2044;0
2045;1
2046;1
2047;0
2048;3
2049;1
2050;0
2051;0
2052;2
2053;1
2054;3
2055;0
2056;2
2057;0
2058;2
2059;1
2060;0
2061;2
2062;1
2063;1
2064;0
2065;1
2066;4
2067;0
2068;3
2069;1
2070;1
2071;2
2072;3
2073;1
2074;0
2075;1
2076;1
2077;1
2078;0
2079;1
2080;2
2081;1
2082;2
2083;3
2084;0
2085;1
2086;3
2087;0
2088;1
2089;0
2090;1
2091;0
2092;1
2093;2
2094;4
2095;1
2096;0
2097;1
2098;0
2099;2
2100;4
2101;1
2102;1
2103;0
2104;1
2105;2
2106;1
2107;1
2108;1
2109;3
2110;2
2111;2
2112;1
2113;0
2114;1
2115;2
2116;5
2117;1
2118;1
2119;2
2120;4
2121;1
2122;3
2123;1
2124;7
2125;1
2126;1
2127;1
2128;3
2129;2
2130;0
2131;2
2132;3
2133;3
2134;1
2135;0
2136;0
2137;1
2138;1
2139;1
2140;0
2141;1
2142;1
2143;2
2144;2
2145;1
2146;1
2147;1
2148;0
2149;1
2150;1
2151;1
2152;2
2153;1
2154;0
2155;1
2156;1
2157;2
2158;2
2159;5
2160;1
2161;0
2162;0
2163;3
2164;1
2165;1
2166;0
2167;1
2168;1
2169;0
2170;2
2171;1
2172;1
2173;2
2174;1
2175;3
2176;1
2177;3
2178;3
2179;1
2180;2
2181;0
2182;1
2183;2
2184;1
2185;1
2186;3
2187;2
2188;2
2189;1
2190;0
2191;1
2192;1
2193;2
2194;1
2195;0
2196;1
2197;0
2198;3
2199;0
2200;0
2201;1
2202;3
2203;0
2204;0
2205;4
2206;1
2207;3
2208;1
2209;1
2210;2
2211;1
2212;6
2213;1
2214;3
2215;1
2216;3
2217;3
2218;0
2219;1
2220;1
2221;3
2222;4
2223;1
2224;1
2225;3
2226;0
2227;1
2228;1
2229;1
2230;1
2231;1
2232;1
2233;0
2234;4
2235;1
2236;0
2237;2
2238;1
2239;1
2240;1
2241;3
2242;2
2243;0
2244;1
2245;2
2246;1
2247;0
2248;2
2249;2
2250;1
2251;2
2252;3
2253;1
2254;1
2255;1
2256;2
2257;4
2258;1
2259;1
2260;1
2261;4
2262;2
2263;5
2264;2
2265;1
2266;1
2267;2
2268;3
2269;1
2270;3
2271;1
2272;2
2273;2
2274;1
2275;2
2276;1
2277;0
2278;1
2279;2
2280;1
2281;3
2282;1
2283;1
2284;0
2285;0
2286;4
2287;3
2288;1
2289;2
2290;1
2291;3
2292;2
2293;1
2294;0
2295;1
2296;1
2297;3
2298;4
2299;1
2300;1
2301;4
2302;2
2303;0
2304;0
2305;2
2306;0
2307;2
2308;4
2309;1
2310;1
2311;2
2312;0
2313;0
2314;2
2315;2
2316;0
2317;3
2318;4
2319;2
2320;2
2321;2
2322;0
2323;3
2324;2
2325;0
2326;2
2327;0
2328;1
2329;2
2330;0
2331;0
2332;1
2333;0
2334;4
2335;1
2336;3
2337;1
2338;2
2339;0
2340;3
2341;3
2342;0
2343;0
2344;0
2345;0
2346;0
2347;2
2348;2
2349;4
2350;1
2351;0
2352;0
2353;1
2354;2
2355;0
2356;2
2357;0
2358;1
2359;3
2360;1
2361;2
2362;2
2363;1
2364;3
2365;1
2366;1
2367;1
2368;2
2369;0
2370;2
2371;1
2372;1
2373;2
2374;1
2375;1
2376;0
2377;2
2378;1
2379;1
2380;1
2381;2
2382;0
2383;4
2384;0
2385;2
2386;0
2387;2
2388;0
2389;1
2390;0
2391;0
2392;3
2393;0
2394;0
2395;1
2396;1
2397;2
2398;7
2399;1
2400;2
2401;1
2402;0
2403;0
2404;0
2405;2
2406;2
2407;1
2408;1
2409;1
2410;1
2411;0
2412;1
2413;2
2414;2
2415;2
2416;0
2417;1
2418;1
2419;0
2420;3
2421;0
2422;0
2423;1
2424;2
2425;0
2426;1
2427;0
2428;0
2429;2
2430;2
2431;0
2432;0
2433;0
2434;1
2435;1
2436;6
2437;2
2438;2
2439;0
2440;1
2441;3
2442;4
2443;1
2444;0
2445;0
2446;1
2447;1
2448;0
2449;2
2450;0
2451;0
2452;2
2453;3
2454;1
2455;2
2456;1
2457;0
2458;4
2459;1
2460;0
2461;2
2462;2
2463;0
2464;2
2465;0
2466;0
2467;1
2468;2
2469;1
2470;1
2471;0
2472;2
2473;4
2474;0
2475;1
2476;1
2477;1
2478;0
2479;2
2480;4
2481;3
2482;0
2483;1
2484;3
2485;1
2486;3
2487;3
2488;0
2489;3
2490;1
2491;0
2492;1
2493;2
2494;3
2495;5
2496;2
2497;0
2498;1
2499;1
2500;3
2501;0
2502;0
2503;1
2504;1
2505;0
2506;2
2507;2
2508;2
2509;4
2510;2
2511;3
2512;1
2513;0
2514;1
2515;1
2516;2
2517;1
2518;2
2519;2
2520;1
2521;1
2522;1
2523;1
2524;2
2525;3
2526;4
2527;0
2528;0
2529;1
2530;0
2531;2
2532;2
2533;0
2534;1
2535;1
2536;3
2537;2
2538;1
2539;2
2540;2
2541;1
2542;2
2543;1
2544;1
2545;1
2546;1
2547;1
2548;1
2549;1
2550;0
2551;2
2552;1
2553;1
2554;1
2555;2
2556;2
2557;2
2558;0
2559;2
2560;4
2561;3
2562;2
2563;0
2564;1
2565;0
2566;4
2567;3
2568;0
2569;5
2570;4
2571;1
2572;1
2573;2
2574;3
2575;0
2576;0
2577;3
2578;1
2579;3
2580;1
2581;1
2582;3
2583;1
2584;0
2585;0
2586;3
2587;0
2588;2
2589;1
2590;5
2591;0
2592;0
2593;2
2594;1
2595;1
2596;3
2597;0
2598;3
2599;1
2600;0
2601;1
2602;1
2603;0
2604;2
2605;2
2606;3
2607;1
2608;1
2609;0
2610;0
2611;3
2612;3
2613;1
2614;0
2615;2
2616;1
2617;1
2618;1
2619;2
2620;2
2621;1
2622;6
2623;0
2624;2
2625;1
2626;0
2627;1
2628;1
2629;3
2630;1
2631;1
2632;1
2633;1
2634;2
2635;2
2636;2
2637;3
2638;5
2639;0
2640;0
2641;1
2642;0
2643;2
2644;4
2645;2
2646;1
2647;1
2648;1
2649;0
2650;1
2651;0
2652;2
2653;0
2654;3
2655;2
2656;3
2657;2
2658;0
2659;2
2660;5
2661;1
2662;5
2663;0
2664;0
2665;1
2666;1
2667;2
2668;1
2669;0
2670;1
2671;3
2672;0
2673;1
2674;0
2675;3
2676;1
2677;1
2678;1
2679;1
2680;2
2681;2
2682;1
2683;1
2684;0
2685;3
2686;2
2687;1
2688;0
2689;0
2690;3
2691;0
2692;0
2693;1
2694;3
2695;2
2696;1
2697;1
2698;5
2699;2
2700;1
2701;2
2702;1
2703;1
2704;0
2705;3
2706;2
2707;2
2708;4
2709;3
2710;0
2711;1
2712;1
2713;1
2714;4
2715;1
2716;1
2717;3
2718;3
2719;3
2720;2
2721;4
2722;1
2723;0
2724;1
2725;1
2726;0
2727;2
2728;2
2729;1
2730;3
2731;1
2732;3
2733;1
2734;1
2735;1
2736;2
2737;1
2738;3
2739;1
2740;1
2741;1
2742;3
2743;1
2744;0
2745;3
2746;0
2747;0
2748;3
2749;2
2750;3
2751;0
2752;1
2753;1
2754;1
2755;1
2756;3
2757;4
2758;3
2759;1
2760;4
2761;6
2762;2
2763;4
2764;5
2765;1
2766;2
2767;3
2768;2
2769;3
2770;0
2771;1
2772;0
2773;1
2774;2
2775;5
2776;1
2777;2
2778;3
2779;1
2780;2
2781;5
2782;3
2783;0
2784;1
2785;2
2786;0
2787;0
2788;4
2789;1
2790;3
2791;0
2792;4
2793;2
2794;3
2795;4
2796;1
2797;0
2798;1
2799;3
2800;4
2801;1
2802;1
2803;1
2804;3
2805;1
2806;2
2807;1
2808;4
2809;2
2810;1
2811;2
2812;1
2813;4
2814;5
2815;0
2816;0
2817;1
2818;0
2819;1
2820;1
2821;1
2822;1
2823;2
2824;2
2825;1
2826;1
2827;2
2828;1
2829;0
2830;0
2831;2
2832;0
2833;1
2834;0
2835;2
2836;2
2837;1
2838;0
2839;1
2840;0
2841;0
2842;2
2843;0
2844;1
2845;2
2846;2
2847;1
2848;1
2849;1
2850;0
2851;0
2852;1
2853;0
2854;3
2855;1
2856;2
2857;2
2858;1
2859;1
2860;0
2861;0
2862;2
2863;0
2864;0
2865;2
2866;1
2867;3
2868;1
2869;0
2870;0
2871;1
2872;0
2873;1
2874;2
2875;0
2876;0
2877;0
2878;1
2879;0
2880;0
2881;3
2882;0
2883;2
2884;0
2885;2
2886;3
2887;1
2888;1
2889;1
2890;2
2891;2
2892;1
2893;3
2894;4
2895;3
2896;1
2897;0
2898;1
2899;1
2900;3
2901;0
2902;6
2903;0
2904;1
2905;0
2906;0
2907;1
2908;1
2909;2
2910;1
2911;0
2912;1
2913;1
2914;1
2915;1
2916;3
2917;2
2918;0
2919;0
2920;0
2921;0
2922;1
2923;1
2924;0
2925;2
2926;1
2927;1
2928;0
2929;2
2930;1
2931;0
2932;1
2933;0
2934;1
2935;2
2936;0
2937;1
2938;0
2939;2
2940;2
2941;2
2942;1
2943;0
2944;0
2945;1
2946;0
2947;1
2948;0
2949;1
2950;1
2951;1
2952;2
2953;1
2954;3
2955;1
2956;0
2957;1
2958;1
2959;1
2960;0
2961;0
2962;0
2963;0
2964;0
2965;1
2966;0
2967;0
2968;1
2969;0
2970;1
2971;0
2972;0
2973;0
2974;3
2975;2
2976;0
2977;1
2978;1
2979;0
2980;0
2981;0
2982;3
2983;2
2984;0
2985;0
2986;0
2987;0
2988;0
2989;1
2990;1
2991;1
2992;0
2993;1
2994;0
2995;0
2996;1
2997;3
2998;0
2999;4
3000;3
3001;2
3002;0
3003;0
3004;0
3005;0
3006;1
3007;1
3008;0
3009;1
3010;2
3011;1
3012;0
3013;1
3014;1
3015;0
3016;1
3017;2
3018;1
3019;3
3020;3
3021;2
3022;0
3023;4
3024;0
3025;1
3026;0
3027;0
3028;1
3029;2
3030;0
3031;0
3032;0
3033;4
3034;0
3035;0
3036;0
3037;1
3038;0
3039;0
3040;1
3041;3
3042;0
3043;2
3044;0
3045;1
3046;0
3047;0
3048;0
3049;1
3050;0
3051;0
3052;0
3053;1
3054;1
3055;2
3056;0
3057;1
3058;0
3059;0
3060;1
3061;0
3062;1
3063;1
3064;0
3065;0
3066;1
3067;0
3068;0
3069;0
3070;3
3071;0
3072;0
3073;0
3074;0
3075;1
3076;0
3077;0
3078;1
3079;0
3080;0
3081;1
3082;0
3083;1
3084;3
3085;0
3086;0
3087;1
3088;1
3089;0
3090;0
3091;0
3092;1
3093;1
3094;2
3095;0
3096;0
3097;1
3098;0
3099;0
3100;0
3101;1
3102;4
3103;0
3104;0
3105;0
3106;0
3107;0
3108;0
3109;1
3110;1
3111;1
3112;0
3113;0
3114;1
3115;1
3116;0
3117;0
3118;2
3119;2
3120;0
3121;1
3122;1
3123;2
3124;0
3125;1
3126;1
3127;1
3128;0
3129;0
3130;0
3131;2
3132;2
3133;0
3134;1
3135;0
3136;1
3137;0
3138;0
3139;0
3140;1
3141;3
3142;0
3143;1
3144;1
3145;1
3146;0
3147;1
3148;1
3149;1
3150;0
3151;1
3152;0
3153;0
3154;0
3155;1
3156;2
3157;0
3158;1
3159;0
3160;0
3161;2
3162;0
3163;1
3164;1
3165;1
3166;0
3167;0
3168;0
3169;0
3170;0
3171;0
3172;0
3173;0
3174;2
3175;1
3176;0
3177;0
3178;1
3179;3
3180;0
3181;0
3182;1
3183;1
3184;0
3185;0
3186;0
3187;1
3188;1
3189;1
3190;1
3191;1
3192;0
3193;1
3194;0
3195;1
3196;1
3197;2
3198;2
3199;0
3200;0
3201;2
3202;1
3203;0
3204;1
3205;0
3206;2
3207;0
3208;1
3209;1
3210;0
3211;1
3212;2
3213;0
3214;3
3215;3
3216;1
3217;0
3218;0
3219;0
3220;0
3221;1
3222;0
3223;0
3224;1
3225;1
3226;0
3227;0
3228;0
3229;1
3230;1
3231;0
3232;0
3233;0
3234;0
3235;2
3236;1
3237;0
3238;1
3239;0
3240;0
3241;2
3242;0
3243;2
3244;0
3245;0
3246;0
3247;1
3248;0
3249;0
3250;0
3251;2
3252;0
3253;0
3254;1
3255;1
3256;0
3257;0
3258;0
3259;2
3260;0
3261;3
3262;1
3263;0
3264;0
3265;1
3266;0
3267;1
3268;0
3269;1
3270;0
3271;0
3272;1
3273;0
3274;0
3275;2
3276;0
3277;0
3278;0
3279;1
3280;1
3281;1
3282;0
3283;1
3284;0
3285;0
3286;0
3287;1
3288;2
3289;0
3290;1
3291;0
3292;2
3293;0
3294;2
3295;1
3296;1
3297;0
3298;0
3299;0
3300;0
3301;0
3302;1
3303;1
3304;0
3305;1
3306;0
3307;0
3308;0
3309;1
3310;0
3311;0
3312;1
3313;0
3314;0
3315;0
3316;3
3317;0
3318;0
3319;1
3320;0
3321;1
3322;1
3323;1
3324;2
3325;1
3326;1
3327;0
3328;0
3329;0
3330;0
3331;1
3332;1
3333;0
3334;0
3335;0
3336;0
3337;3
3338;1
3339;1
3340;0
3341;4
3342;2
3343;3
3344;0
3345;0
3346;0
3347;2
3348;1
3349;0
3350;0
3351;1
3352;0
3353;1
3354;1
3355;0
3356;0
3357;0
3358;0
3359;1
3360;1
3361;1
3362;0
3363;0
3364;0
3365;0
3366;0
3367;1
3368;1
3369;0
3370;1
3371;0
3372;0
3373;3
3374;1
3375;2
3376;0
3377;2
3378;0
3379;1
3380;1
3381;0
3382;1
3383;1
3384;0
3385;1
3386;0
3387;1
3388;0
3389;1
3390;0
3391;0
3392;1
3393;0
3394;1
3395;0
3396;1
3397;1
3398;0
3399;0
3400;1
3401;0
3402;0
3403;0
3404;1
3405;1
3406;0
3407;0
3408;0
3409;3
3410;0
3411;2
3412;1
3413;2
3414;0
3415;1
3416;0
3417;0
3418;1
3419;1
3420;0
3421;0
3422;2
3423;2
3424;1
3425;2
3426;0
3427;0
3428;0
3429;0
3430;0
3431;1
3432;0
3433;0
3434;1
3435;1
3436;0
3437;2
3438;0
3439;0
3440;0
3441;2
3442;0
3443;0
3444;1
3445;2
3446;0
3447;0
3448;0
3449;0
3450;0
3451;1
3452;0
3453;2
3454;1
3455;3
3456;0
3457;2
3458;0
3459;0
3460;1
3461;0
3462;2
3463;0
3464;1
3465;0
3466;0
3467;1
3468;1
3469;3
3470;0
3471;0
3472;0
3473;0
3474;0
3475;0
3476;2
3477;0
3478;2
3479;1
3480;0
3481;1
3482;3
3483;1
3484;0
3485;1
3486;0
3487;1
3488;0
3489;0
3490;0
3491;1
3492;1
3493;0
3494;1
3495;0
3496;1
3497;0
3498;0
3499;0
3500;0
3501;1
3502;0
3503;2
3504;1
3505;0
3506;0
3507;1
3508;0
3509;1
3510;2
3511;0
3512;0
3513;0
3514;0
3515;1
3516;0
3517;0
3518;1
3519;2
3520;0
3521;0
3522;0
3523;0
3524;0
3525;1
3526;0
3527;0
3528;0
3529;1
3530;0
3531;0
3532;1
3533;2
3534;1
3535;0
3536;0
3537;1
3538;0
3539;0
3540;1
3541;1
3542;1
3543;2
3544;0
3545;1
3546;1
3547;1
3548;0
3549;2
3550;0
3551;1
3552;0
3553;0
3554;0
3555;1
3556;0
3557;0
3558;1
3559;2
3560;0
3561;0
3562;0
3563;1
3564;1
3565;0
3566;0
3567;2
3568;0
3569;1
3570;0
3571;2
3572;1
3573;0
3574;0
3575;1
3576;1
3577;1
3578;1
3579;2
3580;1
3581;1
3582;0
3583;1
3584;0
3585;2
3586;0
3587;0
3588;1
3589;0
3590;0
3591;1
3592;0
3593;0
3594;1
3595;0
3596;1
3597;0
3598;1
3599;1
3600;0
3601;0
3602;0
3603;1
3604;1
3605;1
3606;0
3607;0
3608;0
3609;2
3610;0
3611;0
3612;0
3613;1
3614;0
3615;0
3616;0
3617;1
3618;1
3619;2
3620;1
3621;0
3622;0
3623;1
3624;1
3625;0
3626;0
3627;1
3628;1
3629;1
3630;2
3631;2
3632;0
3633;1
3634;0
3635;1
3636;1
3637;0
3638;1
3639;0
3640;1
3641;1
3642;3
3643;1
3644;0
3645;0
3646;1
3647;1
3648;0
3649;1
3650;0
3651;0
3652;0
3653;0
3654;1
3655;0
3656;0
3657;0
3658;0
3659;0
3660;1
3661;0
3662;1
3663;4
3664;0
3665;1
3666;0
3667;0
3668;1
3669;1
3670;0
3671;1
3672;0
3673;0
3674;0
3675;0
3676;0
3677;0
3678;1
3679;1
3680;1
3681;1
3682;0
3683;0
3684;0
3685;2
3686;1
3687;0
3688;1
3689;0
3690;0
3691;1
3692;4
3693;2
3694;2
3695;1
3696;0
3697;1
3698;0
3699;1
3700;0
3701;0
3702;1
3703;0
3704;1
3705;0
3706;0
3707;0
3708;0
3709;0
3710;1
3711;1
3712;1
3713;1
3714;1
3715;0
3716;0
3717;1
3718;0
3719;1
3720;0
3721;0
3722;0
3723;0
3724;0
3725;0
3726;0
3727;0
3728;0
3729;1
3730;0
3731;0
3732;0
3733;0
3734;0
3735;1
3736;1
3737;0
3738;0
3739;0
3740;0
3741;0
3742;3
3743;0
3744;1
3745;1
3746;1
3747;0
3748;2
3749;2
3750;0
3751;1
3752;0
3753;2
3754;0
3755;2
3756;0
3757;3
3758;2
3759;1
3760;0
3761;0
3762;0
3763;0
3764;0
3765;0
3766;0
3767;0
3768;1
3769;1
3770;0
3771;1
3772;1
3773;2
3774;1
3775;2
3776;0
3777;3
3778;0
3779;1
3780;1
3781;1
3782;0
3783;0
3784;0
3785;0
3786;0
3787;2
3788;1
3789;0
3790;3
3791;2
3792;2
3793;2
3794;1
3795;0
3796;3
3797;0
3798;1
3799;1
3800;1
3801;1
3802;0
3803;2
3804;1
3805;1
3806;1
3807;0
3808;0
3809;1
3810;0
3811;1
3812;0
3813;0
3814;1
3815;2
3816;0
3817;3
3818;0
3819;1
3820;2
3821;1
3822;2
3823;0
3824;0
3825;0
3826;0
3827;1
3828;0
3829;0
3830;1
3831;0
3832;0
3833;3
3834;0
3835;2
3836;0
3837;2
3838;1
3839;1
3840;0
3841;0
3842;0
3843;0
3844;0
3845;0
3846;1
3847;0
3848;0
3849;0
3850;0
3851;1
3852;2
3853;0
3854;1
3855;2
3856;1
3857;0
3858;0
3859;0
3860;0
3861;0
3862;1
3863;0
3864;0
3865;0
3866;0
3867;0
3868;0
3869;0
3870;0
3871;3
3872;0
3873;1
3874;0
3875;0
3876;0
3877;0
3878;1
3879;0
3880;0
3881;0
3882;0
3883;0
3884;1
3885;1
3886;2
3887;0
3888;1
3889;2
3890;0
3891;0
3892;1
3893;0
3894;1
3895;2
3896;0
3897;0
3898;0
3899;0
3900;0
3901;0
3902;2
3903;2
3904;0
3905;2
3906;0
3907;1
3908;1
3909;0
3910;3
3911;0
3912;0
3913;0
3914;0
3915;0
3916;1
3917;0
3918;1
3919;2
3920;0
3921;1
3922;0
3923;2
3924;0
3925;1
3926;1
3927;0
3928;1
3929;1
3930;0
3931;0
3932;0
3933;1
3934;1
3935;1
3936;0
3937;1
3938;0
3939;0
3940;0
3941;0
3942;1
3943;0
3944;1
3945;1
3946;1
3947;2
3948;0
3949;0
3950;2
3951;2
3952;0
3953;0
3954;1
3955;1
3956;2
3957;1
3958;0
3959;1
3960;0
3961;1
3962;0
3963;0
3964;0
3965;0
3966;0
3967;0
3968;0
3969;1
3970;0
3971;1
3972;0
3973;0
3974;0
3975;0
3976;0
3977;0
3978;1
3979;0
3980;0
3981;0
3982;0
3983;2
3984;0
3985;0
3986;0
3987;0
3988;1
3989;1
3990;1
3991;3
3992;0
3993;0
3994;2
3995;1
3996;0
3997;1
3998;0
3999;1
4000;0
4001;0
4002;0
4003;0
4004;0
4005;1
4006;2
4007;2
4008;0
4009;0
4010;0
4011;1
4012;0
4013;0
4014;0
4015;1
4016;0
4017;1
4018;0
4019;1
4020;1
4021;0
4022;0
4023;0
4024;0
4025;0
4026;1
4027;0
4028;1
4029;0
4030;1
4031;0
4032;1
4033;0
4034;0
4035;1
4036;0
4037;0
4038;1
4039;1
4040;0
4041;0
4042;0
4043;0
4044;0
4045;0
4046;2
4047;0
4048;1
4049;1
4050;0
4051;0
4052;0
4053;1
4054;0
4055;0
4056;0
4057;0
4058;0
4059;0
4060;1
4061;0
4062;0
4063;0
4064;1
4065;1
4066;0
4067;0
4068;0
4069;0
4070;0
4071;0
4072;0
4073;0
4074;1
4075;0
4076;0
4077;0
4078;1
4079;1
4080;1
4081;1
4082;0
4083;1
4084;0
4085;2
4086;0
4087;0
4088;1
4089;0
4090;1
4091;0
4092;0
4093;0
4094;1
4095;0
4096;0
4097;0
4098;2
4099;0
4100;0
4101;1
4102;1
4103;2
4104;0
4105;1
4106;0
4107;2
4108;0
4109;1
4110;4
4111;4
4112;0
4113;1
4114;1
4115;1
4116;2
4117;2
4118;2
4119;1
4120;1
4121;0
4122;1
4123;0
4124;0
4125;0
4126;0
4127;2
4128;0
4129;0
4130;0
4131;0
4132;0
4133;0
4134;0
4135;1
4136;2
4137;0
4138;0
4139;0
4140;1
4141;2
4142;1
4143;1
4144;0
4145;0
4146;0
4147;1
4148;1
4149;0
4150;1
4151;1
4152;1
4153;1
4154;0
4155;2
4156;1
4157;1
4158;2
4159;0
4160;0
4161;0
4162;0
4163;2
4164;1
4165;1
4166;2
4167;1
4168;0
4169;0
4170;0
4171;2
4172;1
4173;2
4174;0
4175;3
4176;1
4177;0
4178;0
4179;3
4180;0
4181;1
4182;0
4183;2
4184;0
4185;2
4186;0
4187;0
4188;0
4189;0
4190;3
4191;3
4192;0
4193;0
4194;0
4195;2
4196;1
4197;2
4198;1
4199;1
4200;0
4201;1
4202;0
4203;0
4204;0
4205;1
4206;1
4207;2
4208;1
4209;0
4210;0
4211;2
4212;0
4213;0
4214;0
4215;2
4216;0
4217;0
4218;0
4219;1
4220;0
4221;0
4222;3
4223;1
4224;1
4225;1
4226;0
4227;1
4228;0
4229;1
4230;1
4231;0
4232;0
4233;1
4234;2
4235;3
4236;0
4237;1
4238;2
4239;3
4240;0
4241;1
4242;0
4243;1
4244;2
4245;0
4246;1
4247;1
4248;0
4249;0
4250;1
4251;0
4252;1
4253;2
4254;0
4255;1
4256;2
4257;1
4258;2
4259;2
4260;1
4261;2
4262;1
4263;0
4264;0
4265;2
4266;1
4267;1
4268;0
4269;1
4270;3
4271;1
4272;0
4273;1
4274;0
4275;0
4276;1
4277;2
4278;3
4279;0
4280;0
4281;0
4282;1
4283;0
4284;0
4285;3
4286;2
4287;1
4288;0
4289;2
4290;0
4291;1
4292;2
4293;1
4294;3
4295;0
4296;0
4297;0
4298;1
4299;0
4300;0
4301;0
4302;2
4303;2
4304;0
4305;1
4306;2
4307;1
4308;0
4309;0
4310;1
4311;1
4312;1
4313;0
4314;2
4315;3
4316;0
4317;1
4318;3
4319;2
4320;0
4321;1
4322;0
4323;2
4324;0
4325;0
4326;0
4327;1
4328;0
4329;1
4330;2
4331;1
4332;1
4333;1
4334;1
4335;0
4336;1
4337;1
4338;0
4339;2
4340;0
4341;2
4342;2
4343;0
4344;0
4345;1
4346;1
4347;2
4348;0
4349;2
4350;1
4351;2
4352;0
4353;3
4354;0
4355;1
4356;0
4357;0
4358;1
4359;1
4360;1
4361;2
4362;1
4363;0
4364;1
4365;3
4366;1
4367;3
4368;2
4369;3
4370;1
4371;1
4372;1
4373;1
4374;2
4375;0
4376;0
4377;1
4378;2
4379;0
4380;0
4381;1
4382;2
4383;1
4384;1
4385;1
4386;0
4387;2
4388;1
4389;1
4390;1
4391;0
4392;0
4393;2
4394;1
4395;0
4396;0
4397;0
4398;1
4399;0
4400;0
4401;3
4402;0
4403;2
4404;1
4405;1
4406;2
4407;2
4408;2
4409;2
4410;0
4411;1
4412;1
4413;2
4414;2
4415;3
4416;1
4417;1
4418;0
4419;1
4420;0
4421;1
4422;0
4423;2
4424;1
4425;3
4426;1
4427;0
4428;0
4429;1
4430;2
4431;1
4432;0
4433;2
4434;1
4435;5
4436;0
4437;1
4438;0
4439;1
4440;2
4441;1
4442;2
4443;1
4444;1
4445;1
4446;0
4447;2
4448;0
4449;0
4450;0
4451;0
4452;1
4453;0
4454;0
4455;1
4456;2
4457;2
4458;1
4459;1
4460;2
4461;2
4462;1
4463;0
4464;1
4465;3
4466;2
4467;0
4468;0
4469;1
4470;2
4471;0
4472;1
4473;2
4474;0
4475;0
4476;1
4477;1
4478;2
4479;2
4480;1
4481;0
4482;0
4483;1
4484;1
4485;1
4486;3
4487;0
4488;1
4489;0
4490;1
4491;0
4492;0
4493;2
4494;3
4495;0
4496;1
4497;0
4498;1
4499;0
4500;0
4501;1
4502;1
4503;0
4504;2
4505;1
4506;0
4507;0
4508;1
4509;1
4510;4
4511;1
4512;0
4513;1
4514;0
4515;2
4516;2
4517;0
4518;3
4519;1
4520;0
4521;2
4522;0
4523;0
4524;1
4525;1
4526;0
4527;0
4528;1
4529;3
4530;0
4531;0
4532;2
4533;0
4534;0
4535;1
4536;2
4537;1
4538;1
4539;0
4540;0
4541;2
4542;4
4543;5
4544;0
4545;1
4546;0
4547;1
4548;3
4549;1
4550;3
4551;2
4552;1
4553;0
4554;1
4555;1
4556;1
4557;0
4558;1
4559;4
4560;0
4561;2
4562;0
4563;0
4564;1
4565;0
4566;2
4567;0
4568;1
4569;0
4570;0
4571;2
4572;0
4573;1
4574;0
4575;3
4576;0
4577;0
4578;1
4579;5
4580;2
4581;0
4582;2
4583;0
4584;1
4585;0
4586;1
4587;0
4588;2
4589;1
4590;2
4591;3
4592;1
4593;0
4594;0
4595;1
4596;1
4597;1
4598;3
4599;2
4600;0
4601;1
4602;1
4603;1
4604;1
4605;1
4606;1
4607;8
4608;0
4609;1
4610;0
4611;0
4612;1
4613;0
4614;4
4615;0
4616;0
4617;0
4618;2
4619;0
4620;0
4621;1
4622;0
4623;3
4624;2
4625;0
4626;0
4627;2
4628;1
4629;1
4630;0
4631;2
4632;1
4633;1
4634;2
4635;1
4636;1
4637;1
4638;3
4639;0
4640;0
4641;0
4642;1
4643;4
4644;0
4645;0
4646;2
4647;1
4648;0
4649;2
4650;0
4651;2
4652;0
4653;1
4654;5
4655;1
4656;0
4657;0
4658;0
4659;1
4660;1
4661;1
4662;1
4663;0
4664;0
4665;1
4666;0
4667;0
4668;1
4669;2
4670;6
4671;2
4672;0
4673;4
4674;0
4675;2
4676;0
4677;3
4678;2
4679;0
4680;0
4681;0
4682;0
4683;1
4684;1
4685;0
4686;0
4687;3
4688;1
4689;1
4690;1
4691;1
4692;2
4693;1
4694;2
4695;3
4696;1
4697;1
4698;1
4699;2
4700;1
4701;0
4702;1
4703;4
4704;1
4705;2
4706;0
4707;0
4708;1
4709;0
4710;1
4711;2
4712;0
4713;1
4714;0
4715;1
4716;0
4717;3
4718;2
4719;3
4720;0
4721;1
4722;0
4723;0
4724;0
4725;2
4726;2
4727;0
4728;1
4729;0
4730;0
4731;1
4732;0
4733;1
4734;1
4735;1
4736;0
4737;0
4738;0
4739;2
4740;1
4741;1
4742;0
4743;1
4744;1
4745;2
4746;2
4747;0
4748;0
4749;2
4750;2
4751;0
4752;0
4753;2
4754;0
4755;0
4756;1
4757;1
4758;0
4759;1
4760;1
4761;1
4762;1
4763;1
4764;1
4765;1
4766;2
4767;2
4768;1
4769;1
4770;0
4771;0
4772;0
4773;2
4774;2
4775;3
4776;0
4777;1
4778;0
4779;1
4780;0
4781;1
4782;2
4783;3
4784;1
4785;1
4786;0
4787;0
4788;0
4789;1
4790;0
4791;0
4792;2
4793;2
4794;0
4795;0
4796;1
4797;3
4798;2
4799;0
4800;0
4801;2
4802;0
4803;1
4804;1
4805;2
4806;2
4807;0
4808;0
4809;1
4810;0
4811;0
4812;0
4813;0
4814;2
4815;2
4816;1
4817;1
4818;0
4819;1
4820;1
4821;1
4822;2
4823;0
4824;1
4825;1
4826;2
4827;2
4828;0
4829;1
4830;1
4831;0
4832;0
4833;0
4834;1
4835;1
4836;1
4837;1
4838;0
4839;2
4840;0
4841;2
4842;0
4843;1
4844;0
4845;2
4846;4
4847;2
4848;0
4849;0
4850;1
4851;0
4852;1
4853;0
4854;3
4855;0
4856;0
4857;1
4858;0
4859;0
4860;3
4861;3
4862;1
4863;5
4864;0
4865;2
4866;0
4867;0
4868;0
4869;0
4870;0
4871;1
4872;2
4873;1
4874;0
4875;0
4876;2
4877;1
4878;2
4879;3
4880;0
4881;0
4882;0
4883;0
4884;0
4885;1
4886;5
4887;0
4888;2
4889;0
4890;0
4891;1
4892;1
4893;5
4894;4
4895;4
4896;1
4897;1
4898;0
4899;2
4900;0
4901;1
4902;1
4903;1
4904;1
4905;1
4906;0
4907;1
4908;1
4909;2
4910;4
4911;2
4912;0
4913;1
4914;0
4915;0
4916;0
4917;1
4918;2
4919;0
4920;0
4921;1
4922;3
4923;1
4924;0
4925;1
4926;1
4927;2
4928;0
4929;0
4930;1
4931;3
4932;0
4933;1
4934;1
4935;0
4936;0
4937;0
4938;1
4939;1
4940;0
4941;1
4942;1
4943;0
4944;0
4945;0
4946;1
4947;1
4948;0
4949;0
4950;2
4951;1
4952;0
4953;1
4954;2
4955;2
4956;0
4957;0
4958;3
4959;1
4960;1
4961;0
4962;0
4963;0
4964;0
4965;2
4966;1
4967;0
4968;0
4969;1
4970;0
4971;1
4972;0
4973;2
4974;2
4975;2
4976;1
4977;0
4978;0
4979;1
4980;1
4981;0
4982;4
4983;0
4984;0
4985;0
4986;1
4987;4
4988;0
4989;1
4990;2
4991;6
4992;0
4993;1
4994;1
4995;1
4996;1
4997;0
4998;0
4999;2
5000;1
5001;0
5002;0
5003;2
5004;1
5005;2
5006;2
5007;5
5008;0
5009;1
5010;0
5011;2
5012;1
5013;0
5014;4
5015;1
5016;0
5017;1
5018;2
5019;3
5020;0
5021;3
5022;4
5023;4
5024;0
5025;0
5026;1
5027;1
5028;0
5029;1
5030;3
5031;0
5032;0
5033;2
5034;0
5035;1
5036;1
5037;1
5038;4
5039;2
5040;1
5041;1
5042;0
5043;0
5044;2
5045;1
5046;0
5047;0
5048;0
5049;1
5050;2
5051;0
5052;0
5053;0
5054;0
5055;2
5056;1
5057;1
5058;1
5059;0
5060;0
5061;1
5062;1
5063;3
5064;0
5065;1
5066;2
5067;4
5068;0
5069;2
5070;0
5071;1
5072;1
5073;1
5074;1
5075;1
5076;0
5077;1
5078;2
5079;2
5080;0
5081;1
5082;0
5083;0
5084;0
5085;2
5086;2
5087;2
5088;0
5089;0
5090;0
5091;0
5092;0
5093;2
5094;0
5095;0
5096;0
5097;0
5098;2
5099;3
5100;1
5101;1
5102;0
5103;2
5104;1
5105;3
5106;0
5107;1
5108;2
5109;0
5110;1
5111;1
5112;0
5113;0
5114;0
5115;1
5116;0
5117;1
5118;6
5119;3
5120;1
5121;3
5122;0
5123;1
5124;1
5125;1
5126;0
5127;0
5128;3
5129;0
5130;1
5131;1
5132;0
5133;2
5134;1
5135;3
5136;1
5137;1
5138;0
5139;2
5140;0
5141;2
5142;1
5143;0
5144;0
5145;1
5146;0
5147;1
5148;0
5149;2
5150;1
5151;3
5152;0
5153;0
5154;1
5155;0
5156;2
5157;1
5158;1
5159;0
5160;1
5161;1
5162;1
5163;1
5164;1
5165;4
5166;2
5167;4
5168;1
5169;1
5170;0
5171;0
5172;1
5173;0
5174;0
5175;1
5176;0
5177;1
5178;0
5179;0
5180;0
5181;2
5182;1
5183;3
5184;1
5185;1
5186;0
5187;0
5188;1
5189;0
5190;2
5191;1
5192;1
5193;2
5194;0
5195;3
5196;0
5197;0
5198;0
5199;2
5200;0
5201;1
5202;0
5203;0
5204;1
5205;1
5206;0
5207;4
5208;1
5209;1
5210;1
5211;3
5212;0
5213;1
5214;1
5215;5
5216;2
5217;2
5218;0
5219;1
5220;0
5221;2
5222;0
5223;2
5224;1
5225;0
5226;1
5227;0
5228;0
5229;0
5230;1
5231;3
5232;1
5233;1
5234;0
5235;1
5236;0
5237;4
5238;0
5239;3
5240;0
5241;0
5242;0
5243;1
5244;2
5245;0
5246;0
5247;3
5248;0
5249;0
5250;0
5251;0
5252;2
5253;0
5254;0
5255;1
5256;0
5257;1
5258;1
5259;1
5260;1
5261;4
5262;2
5263;5
5264;0
5265;0
5266;1
5267;1
5268;1
5269;2
5270;5
5271;0
5272;0
5273;1
5274;0
5275;0
5276;2
5277;0
5278;2
5279;2
5280;1
5281;0
5282;0
5283;1
5284;1
5285;1
5286;1
5287;0
5288;0
5289;1
5290;0
5291;0
5292;2
5293;1
5294;1
5295;4
5296;2
5297;1
5298;0
5299;1
5300;1
5301;0
5302;1
5303;1
5304;1
5305;0
5306;0
5307;1
5308;0
5309;0
5310;1
5311;5
5312;0
5313;2
5314;0
5315;0
5316;1
5317;1
5318;3
5319;1
5320;0
5321;1
5322;0
5323;1
5324;1
5325;2
5326;0
5327;1
5328;0
5329;0
5330;0
5331;1
5332;0
5333;1
5334;0
5335;0
5336;0
5337;2
5338;1
5339;0
5340;0
5341;0
5342;2
5343;6
5344;0
5345;1
5346;0
5347;1
5348;2
5349;0
5350;1
5351;0
5352;1
5353;3
5354;1
5355;1
5356;0
5357;2
5358;3
5359;1
5360;0
5361;0
5362;0
5363;2
5364;1
5365;1
5366;2
5367;2
5368;1
5369;0
5370;1
5371;1
5372;0
5373;2
5374;2
5375;3
5376;0
5377;0
5378;1
5379;0
5380;0
5381;1
5382;0
5383;2
5384;1
5385;0
5386;0
5387;2
5388;0
5389;2
5390;1
5391;5
5392;1
5393;1
5394;0
5395;3
5396;0
5397;1
5398;1
5399;2
5400;1
5401;2
5402;0
5403;0
5404;1
5405;0
5406;1
5407;4
5408;0
5409;3
5410;1
5411;0
5412;1
5413;0
5414;0
5415;3
5416;0
5417;0
5418;2
5419;2
5420;0
5421;3
5422;0
5423;2
5424;0
5425;0
5426;1
5427;0
5428;1
5429;1
5430;1
5431;1
5432;0
5433;0
5434;1
5435;0
5436;0
5437;1
5438;2
5439;3
5440;1
5441;0
5442;0
5443;0
5444;2
5445;0
5446;0
5447;1
5448;1
5449;1
5450;1
5451;2
5452;0
5453;3
5454;6
5455;1
5456;1
5457;1
5458;0
5459;0
5460;1
5461;0
5462;0
5463;2
5464;0
5465;1
5466;0
5467;0
5468;1
5469;1
5470;3
5471;0
5472;1
5473;1
5474;0
5475;1
5476;1
5477;1
5478;0
5479;3
5480;1
5481;3
5482;1
5483;0
5484;0
5485;0
5486;1
5487;1
5488;0
5489;3
5490;0
5491;2
5492;2
5493;1
5494;2
5495;0
5496;1
5497;0
5498;0
5499;2
5500;0
5501;0
5502;1
5503;1
5504;1
5505;0
5506;0
5507;1
5508;1
5509;0
5510;3
5511;1
5512;0
5513;1
5514;1
5515;0
5516;0
5517;1
5518;3
5519;3
5520;1
5521;1
5522;1
5523;2
5524;2
5525;2
5526;2
5527;3
5528;0
5529;0
5530;2
5531;0
5532;1
5533;1
5534;3
5535;1
5536;1
5537;0
5538;1
5539;2
5540;3
5541;0
5542;2
5543;2
5544;1
5545;0
5546;1
5547;3
5548;0
5549;3
5550;1
5551;3
5552;1
5553;0
5554;0
5555;1
5556;3
5557;0
5558;1
5559;0
5560;1
5561;1
5562;1
5563;1
5564;0
5565;3
5566;3
5567;3
5568;0
5569;2
5570;1
5571;0
5572;1
5573;0
5574;1
5575;0
5576;2
5577;3
5578;0
5579;2
5580;1
5581;0
5582;2
5583;3
5584;0
5585;5
5586;0
5587;0
5588;0
5589;1
5590;1
5591;2
5592;1
5593;0
5594;0
5595;1
5596;0
5597;1
5598;2
5599;3
5600;0
5601;1
5602;0
5603;2
5604;0
5605;2
5606;3
5607;3
5608;0
5609;0
5610;1
5611;2
5612;1
5613;1
5614;2
5615;0
5616;0
5617;3
5618;0
5619;1
5620;1
5621;0
5622;2
5623;2
5624;0
5625;1
5626;0
5627;1
5628;0
5629;0
5630;1
5631;1
5632;0
5633;1
5634;1
5635;0
5636;0
5637;0
5638;0
5639;1
5640;2
5641;2
5642;0
5643;0
5644;0
5645;3
5646;2
5647;2
5648;1
5649;0
5650;1
5651;0
5652;0
5653;0
5654;1
5655;0
5656;1
5657;0
5658;1
5659;0
5660;0
5661;2
5662;0
5663;2
5664;0
5665;0
5666;1
5667;0
5668;2
5669;0
5670;1
5671;1
5672;0
5673;2
5674;1
5675;1
5676;0
5677;2
5678;2
5679;0
5680;1
5681;0
5682;0
5683;1
5684;1
5685;0
5686;1
5687;3
5688;0
5689;0
5690;2
5691;1
5692;0
5693;5
5694;0
5695;0
5696;0
5697;0
5698;0
5699;0
5700;2
5701;0
5702;0
5703;0
5704;0
5705;1
5706;0
5707;0
5708;0
5709;2
5710;0
5711;0
5712;0
5713;0
5714;0
5715;0
5716;1
5717;0
5718;3
5719;0
5720;0
5721;1
5722;0
5723;1
5724;0
5725;0
5726;3
5727;1
5728;0
5729;0
5730;0
5731;0
5732;2
5733;1
5734;2
5735;2
5736;0
5737;3
5738;0
5739;1
5740;0
5741;1
5742;0
5743;0
5744;0
5745;0
5746;0
5747;0
5748;0
5749;0
5750;1
5751;0
5752;1
5753;1
5754;0
5755;1
5756;0
5757;0
5758;0
5759;3
5760;2
5761;1
5762;2
5763;0
5764;0
5765;0
5766;0
5767;2
5768;1
5769;1
5770;1
5771;0
5772;0
5773;0
5774;1
5775;2
5776;0
5777;1
5778;2
5779;1
5780;0
5781;1
5782;0
5783;1
5784;0
5785;1
5786;0
5787;0
5788;1
5789;0
5790;1
5791;3
5792;1
5793;0
5794;2
5795;0
5796;1
5797;1
5798;1
5799;0
5800;0
5801;1
5802;2
5803;0
5804;0
5805;0
5806;2
5807;2
5808;0
5809;0
5810;1
5811;0
5812;1
5813;0
5814;0
5815;3
5816;0
5817;1
5818;0
5819;1
5820;1
5821;0
5822;2
5823;1
5824;0
5825;1
5826;0
5827;0
5828;1
5829;0
5830;0
5831;1
5832;1
5833;1
5834;2
5835;3
5836;0
5837;1
5838;2
5839;1
5840;0
5841;0
5842;0
5843;0
5844;1
5845;1
5846;1
5847;0
5848;0
5849;0
5850;0
5851;1
5852;0
5853;0
5854;2
5855;2
5856;1
5857;1
5858;1
5859;0
5860;3
5861;1
5862;1
5863;2
5864;2
5865;3
5866;2
5867;1
5868;0
5869;0
5870;2
5871;3
5872;0
5873;2
5874;1
5875;0
5876;3
5877;0
5878;1
5879;0
5880;0
5881;0
5882;0
5883;1
5884;0
5885;4
5886;4
5887;4
5888;1
5889;1
5890;0
5891;1
5892;0
5893;1
5894;0
5895;0
5896;0
5897;2
5898;0
5899;1
5900;1
5901;2
5902;0
5903;2
5904;0
5905;3
5906;1
5907;0
5908;1
5909;0
5910;4
5911;0
5912;0
5913;0
5914;1
5915;0
5916;0
5917;1
5918;2
5919;1
5920;0
5921;1
5922;1
5923;0
5924;0
5925;1
5926;1
5927;0
5928;0
5929;0
5930;3
5931;1
5932;0
5933;2
5934;2
5935;2
5936;1
5937;1
5938;1
5939;0
5940;0
5941;0
5942;2
5943;1
5944;0
5945;2
5946;2
5947;0
5948;1
5949;2
5950;0
5951;2
5952;0
5953;1
5954;0
5955;0
5956;2
5957;0
5958;0
5959;3
5960;0
5961;0
5962;1
5963;0
5964;0
5965;1
5966;4
5967;3
5968;0
5969;2
5970;1
5971;0
5972;0
5973;1
5974;1
5975;1
5976;0
5977;1
5978;0
5979;2
5980;0
5981;0
5982;3
5983;3
5984;0
5985;1
5986;1
5987;0
5988;0
5989;2
5990;0
5991;0
5992;0
5993;1
5994;0
5995;0
5996;0
5997;0
5998;1
5999;1
